Cliente;Sexo;Idade;Empresa;Salário.decl;Saldo.cc;Saldo.poup;Saldo.1ano;Saldo.2anos;Tempo.relac;Limite.ce;Limite.cartao;Dev.cartao;Inadimplente
1;0;22;1;1000;99,99;0;138,83;72,84;80;1500,00;2000;0;0
2;0;40;1;500;234,80;371,12;195,93;268,63;80;1000,00;1000;0;0
3;0;39;2;2500;-379,53;0;-338,36;-703,89;80;2500,00;5000;0;0
4;0;36;1;2500;-88,49;0;-192,65;-13,89;80;2500,00;5000;0;0
5;0;28;1;500;-404,68;152,83;8,43;-135,39;80;1000,00;1000;1059;1
6;0;57;0;500;90,00;0;319,64;507,74;80;1000,00;1000;0;0
7;0;54;2;500;-511,38;224,41;-116,82;-491,05;80;1000,00;1000;0;1
8;0;39;0;2500;-499,14;0;-609,66;-380,26;80;2500,00;5000;4882;1
9;0;22;0;500;-174,22;503,73;-30,44;-131,04;80;1000,00;1000;0;0
10;0;25;2;1500;164,50;355,5;-135,73;149,45;80;2000,00;3000;0;0
11;0;18;1;500;861,26;0;431,75;427,88;80;1000,00;1000;0;0
12;0;25;1;500;4,49;352,3;3,03;-124,59;80;1000,00;1000;0;0
13;0;35;0;2500;-226,73;551,71;-286,91;-187,26;80;2500,00;5000;5017;1
14;0;32;1;2500;11,23;0;-231,86;-243,51;80;2500,00;5000;0;0
15;0;20;1;1000;-438,30;0;-251,59;-376,83;80;1500,00;2000;0;0
16;0;20;1;1000;-118,71;0;-44,19;-223,11;80;1500,00;2000;0;0
17;0;38;1;2000;667,46;0;-47,07;434,94;80;2000,00;4000;3901;1
18;0;57;1;500;-33,74;0;174,75;-15,17;80;1000,00;1000;0;0
19;0;22;1;500;-272,51;0;-3,95;107,88;80;1000,00;1000;0;1
20;0;43;1;500;-350,94;0;-210,01;-252,29;80;1000,00;1000;0;0
21;0;46;1;5000;-213,02;0;-382,18;-585,75;80;5000;10000;0;0
22;0;27;1;500;-230,19;0;90,41;-187,63;80;1000,00;1000;0;0
23;0;36;2;3000;-189,14;0;-118,75;-416,47;80;3000;6000;5905;1
24;0;36;1;2500;-237,81;0;-45,15;-326,36;80;2500,00;5000;0;0
25;0;33;1;1500;-54,17;0;231,09;-68,15;80;2000,00;3000;0;0
26;0;58;1;5000;37,66;0;425,61;562,84;80;5000;10000;0;0
27;0;29;1;500;-290,21;270,21;-386,14;-433,50;80;1000,00;1000;0;1
28;0;30;1;2000;672,13;0;393,22;793,05;80;2000,00;4000;3924;1
29;0;22;1;500;-307,49;0;-360,02;-233,37;80;1000,00;1000;0;0
30;0;46;2;3000;202,81;0;-20,09;309,55;80;3000;6000;0;0
31;0;33;1;2500;429,69;0;-33,29;67,25;80;2500,00;5000;0;0
32;0;53;1;1000;-253,24;0;-183,07;-13,98;80;1500,00;2000;0;0
33;0;34;1;3000;-126,63;0;318,28;411,73;80;3000;6000;0;0
34;0;50;1;500;-268,78;308,31;-297,67;-378,08;80;1000,00;1000;0;0
35;0;38;1;500;436,65;0;98,16;282,86;80;1000,00;1000;0;0
36;0;50;2;3000;-142,94;0;-103,98;-105,59;80;3000;6000;0;0
37;0;38;1;500;-218,56;642,64;-379,44;-172,69;80;1000,00;1000;0;0
38;0;25;2;1500;430,62;0;264,41;104,58;80;2000,00;3000;0;0
39;0;56;1;1000;-958,59;556,5;-726,50;-525,66;80;1500,00;2000;0;1
40;0;21;2;1500;-535,80;0;-257,85;-320,24;80;2000,00;3000;0;0
41;0;35;1;500;-591,83;235,06;-562,42;-739,65;80;1000,00;1000;0;1
42;0;30;2;1500;-348,83;274,11;-41,70;-426,15;80;2000,00;3000;0;0
43;1;22;1;1500;562,55;0;-20,67;303,27;80;2000,00;3000;0;0
44;1;27;0;1500;-492,48;217,02;-435,62;-331,77;80;2000,00;3000;3021;1
45;1;39;1;3000;-236,41;0;95,29;84,12;80;3000;6000;0;0
46;1;56;1;5000;-83,94;0;-409,87;-270,59;80;5000;10000;0;0
47;1;25;2;1500;469,68;0;97,76;108,46;80;2000,00;3000;0;0
48;1;22;1;1500;-302,01;0;-28,65;-290,71;80;2000,00;3000;0;0
49;1;26;1;1500;67,15;180,78;114,58;-310,03;80;2000,00;3000;0;0
50;1;35;1;2500;-107,48;0;-381,54;-423,16;80;2500,00;5000;0;0
51;1;29;1;2500;-33,49;0;-71,39;-133,95;80;2500,00;5000;0;0
52;1;64;2;500;-364,51;0;-238,85;-450,49;80;1000,00;1000;0;0
53;1;37;2;2500;-710,35;0;-540,66;-457,22;80;2500,00;5000;0;0
54;1;58;2;5000;329,96;411,05;-54,19;-117,28;80;5000;10000;0;0
55;1;21;0;1500;663,63;0;432,13;597,24;80;2000,00;3000;0;0
56;1;25;0;1000;-64,02;0;-294,42;-36,17;80;1500,00;2000;0;0
57;1;30;2;2000;-431,89;0;-159,95;-284,97;80;2000,00;4000;0;0
58;1;20;1;1500;-623,77;0;106,77;-68,26;80;2000,00;3000;2973;1
59;1;19;0;1500;-125,06;0;-89,16;-60,48;80;2000,00;3000;2953;1
60;1;27;1;1000;560,98;320,02;483,06;768,10;80;1500,00;2000;0;0
61;1;31;1;1500;-214,84;0;121,16;-225,79;80;2000,00;3000;3050;1
62;1;24;0;1000;737,66;0;596,40;428,92;80;1500,00;2000;0;0
63;1;31;1;2500;54,41;0;4,67;-138,48;80;2500,00;5000;0;0
64;1;55;2;5000;-731,67;0;-440,17;-365,21;80;5000;10000;0;1
65;1;35;1;500;529,66;119,44;26,40;503,07;80;1000,00;1000;0;0
66;1;40;2;3000;-676,83;270,93;-377,37;-470,15;80;3000;6000;0;1
67;1;30;0;2500;-833,08;0;-402,12;-487,42;80;2500,00;5000;0;0
68;1;23;1;1000;-729,44;876,67;-156,84;-497,46;80;1500,00;2000;0;0
69;1;41;0;2500;-306,81;0;180,18;-28,12;80;2500,00;5000;0;0
70;1;54;1;500;-43,47;504,43;3,17;156,92;80;1000,00;1000;0;0
71;1;54;2;500;264,82;0;144,21;-4,86;80;1000,00;1000;0;0
72;1;51;2;500;-277,86;355,62;174,60;77,31;80;1000,00;1000;0;0
73;1;76;1;1000;-148,09;342,7;-151,56;-222,16;80;1500,00;2000;0;0
74;1;22;1;1000;-824,74;162,34;-820,67;-833,13;80;1500,00;2000;0;1
75;1;25;0;1500;436,14;0;138,77;462,70;80;2000,00;3000;0;0
76;1;48;1;1000;797,19;0;550,73;799,98;80;1500,00;2000;0;0
77;1;24;1;1000;246,03;0;-82,48;319,23;80;1500,00;2000;0;0
78;1;40;0;500;-898,39;0;-506,47;-877,36;80;1000,00;1000;0;1
79;1;19;0;1500;29,24;0;-210,27;-302,81;80;2000,00;3000;0;0
80;1;35;1;2500;139,28;0;-380,36;-171,73;80;2500,00;5000;0;0
81;1;21;1;1000;-84,62;0;-112,49;-173,26;80;1500,00;2000;0;0
82;1;64;0;500;78,72;0;102,83;166,45;80;1000,00;1000;960;1
83;1;33;1;2000;272,15;594,58;159,93;30,18;80;2000,00;4000;0;0
84;1;28;1;1500;-687,81;0;-29,45;-403,23;80;2000,00;3000;3013;1
85;1;51;1;1000;-633,37;0;-380,19;-621,59;80;1500,00;2000;0;0
86;1;24;1;1500;564,17;0;143,98;523,43;80;2000,00;3000;0;0
87;1;60;2;5000;400,78;0;304,50;252,18;80;5000;10000;0;0
88;1;31;2;500;857,62;0;575,56;933,16;80;1000,00;1000;0;0
89;1;28;1;1500;401,10;0;-248,10;-74,64;80;2000,00;3000;3027;1
90;1;33;0;2000;5,16;105,81;42,23;182,74;80;2000,00;4000;0;0
91;1;35;1;2000;375,60;0;258,11;582,81;80;2000,00;4000;0;0
92;1;18;1;1000;20,61;0;-134,92;-452,95;80;1500,00;2000;0;0
93;1;39;0;2500;47,69;0;57,46;-64,54;80;2500,00;5000;0;1
94;1;52;0;500;-187,52;0;-35,67;-98,33;80;1000,00;1000;0;0
95;1;35;1;2000;-511,64;396,95;-140,33;-324,76;80;2000,00;4000;3915;1
96;1;27;0;1500;-4,84;201,21;-49,45;-100,74;80;2000,00;3000;0;0
97;1;23;1;1500;-179,75;0;189,42;-227,15;80;2000,00;3000;0;0
98;1;30;1;2000;-528,68;620,92;22,63;-260,80;80;2000,00;4000;0;0
99;1;31;2;2500;-139,26;0;-239,93;-117,78;80;2500,00;5000;0;0
100;1;23;0;1000;-608,09;0;-771,93;-723,63;80;1500,00;2000;0;0
101;1;25;2;2000;13,09;222,78;-338,52;-77,73;80;2000,00;4000;0;0
102;1;68;1;500;-410,96;784,88;-105,99;-172,89;80;1000,00;1000;0;0
103;1;40;0;2500;-536,59;0;-854,33;-931,24;80;2500,00;5000;0;0
104;1;24;1;1500;263,84;0;563,29;479,05;80;2000,00;3000;2971;1
105;1;28;2;500;-699,51;0;-546,63;-738,30;80;1000,00;1000;921;1
106;1;23;1;1500;-181,19;0;-448,23;-398,40;80;2000,00;3000;0;0
107;1;23;2;1000;117,29;0;337,32;101,55;80;1500,00;2000;1992;1
108;1;43;1;500;-363,81;446,98;-756,96;-657,84;80;1000,00;1000;1034;1
109;1;32;1;500;629,04;0;121,72;86,18;80;1000,00;1000;0;0
110;1;34;2;2500;175,01;0;-203,20;-48,26;79;2500,00;5000;4947;1
111;1;39;1;500;484,10;371,11;36,76;286,35;79;1000,00;1000;999;0
112;1;25;1;500;-125,00;0;163,43;80,19;79;1000,00;1000;0;0
113;1;33;0;500;-134,60;0;-387,54;-473,48;79;1000,00;1000;0;0
114;1;43;2;2500;-329,83;0;-311,75;-321,06;79;2500,00;5000;0;0
115;1;40;1;500;-1049,02;0;-999,08;-1130,80;79;1000,00;1000;0;1
116;0;35;1;1000;-44,76;101,61;-388,32;-67,80;79;1500,00;2000;2037;1
117;0;57;1;1000;-33,96;0;14,06;1,32;79;1500,00;2000;2104;1
118;0;74;0;1500;641,63;808,83;51,52;225,29;79;2000,00;3000;0;0
119;0;34;1;2000;993,61;245,82;508,12;583,79;79;2000,00;4000;0;0
120;0;22;1;500;33,59;0;-80,61;202,53;79;1000,00;1000;0;0
121;0;20;1;1000;-87,22;0;39,10;-2,71;79;1500,00;2000;0;0
122;0;37;0;2500;-613,18;0;-77,57;-613,18;79;2500,00;5000;5012;1
123;0;18;1;1000;-369,09;0;-246,05;-124,21;79;1500,00;2000;2057;1
124;0;43;2;500;41,17;0;124,67;-82,05;79;1000,00;1000;943;1
125;0;39;1;3000;257,31;611,22;39,27;138,75;79;3000;6000;0;0
126;0;40;0;500;15,17;0;-61,17;-255,95;79;1000,00;1000;0;0
127;0;40;1;2500;-531,12;0;-344,64;-363,53;79;2500,00;5000;0;1
128;0;44;1;1000;-21,93;0;-112,05;-222,84;79;1500,00;2000;0;0
129;0;41;2;3000;268,71;367,63;134,43;85,27;79;3000;6000;0;0
130;0;22;1;1000;-57,35;0;102,94;-28,02;79;1500,00;2000;0;0
131;0;53;1;500;-693,82;377,08;-244,80;-441,56;79;1000,00;1000;0;1
132;0;47;2;1500;-312,17;0;-300,73;-261,45;79;2000,00;3000;0;1
133;0;30;1;2000;143,93;0;53,84;-189,46;79;2000,00;4000;0;0
134;0;31;1;1000;302,13;1097,6;214,67;157,66;79;1500,00;2000;1967;1
135;0;55;1;500;-4,97;0;-63,68;-123,75;79;1000,00;1000;0;0
136;0;30;0;2000;-898,72;541,51;-193,99;-321,71;79;2000,00;4000;0;0
137;0;76;1;1000;-12,41;0;-364,20;-15,63;79;1500,00;2000;1961;1
138;0;39;1;500;-476,72;0;-225,79;-599,67;79;1000,00;1000;1003;1
139;0;26;2;1500;-765,63;0;-544,83;-538,59;79;2000,00;3000;0;0
140;0;53;1;5000;-646,23;0;-309,20;-551,02;79;5000;10000;0;0
141;0;22;2;1000;35,42;114,79;240,49;-27,72;79;1500,00;2000;0;0
142;0;25;1;1000;257,22;0;233,58;224,44;79;1500,00;2000;0;0
143;0;26;1;1500;267,90;0;-361,23;76,36;79;2000,00;3000;0;0
144;0;43;1;500;221,42;0;-36,78;247,64;79;1000,00;1000;0;0
145;0;23;0;1500;-51,88;0;-79,18;-42,53;79;2000,00;3000;0;0
146;0;39;0;2000;-512,87;0;-598,79;-729,38;79;2000,00;4000;0;0
147;0;37;0;2000;562,98;0;143,25;551,76;79;2000,00;4000;0;0
148;0;29;0;2500;-976,92;353,63;-673,70;-720,60;79;2500,00;5000;0;1
149;0;48;0;1000;-831,27;0;-474,03;-652,31;79;1500,00;2000;0;1
150;0;38;2;1000;82,64;0;199,45;-72,05;79;1500,00;2000;0;0
151;0;34;1;2000;-225,59;0;-262,26;-379,07;79;2000,00;4000;4002;1
152;0;24;1;1000;308,90;0;-164,91;168,71;79;1500,00;2000;0;0
153;0;37;2;1000;-261,66;580,1;-586,58;-369,43;79;1500,00;2000;0;0
154;0;45;0;500;-197,52;0;-535,29;-423,78;79;1000,00;1000;1033;1
155;0;21;1;1000;-409,77;0;5,27;-322,09;79;1500,00;2000;0;0
156;0;49;1;500;73,79;330,27;-152,36;-206,67;79;1000,00;1000;1050;1
157;0;19;2;1000;-326,77;113,71;-277,43;-59,07;79;1500,00;2000;2017;1
158;0;26;1;2500;-410,15;343,43;-500,21;-562,96;79;2500,00;5000;0;0
159;0;21;2;1500;-644,70;0;-429,19;-565,59;79;2000,00;3000;0;0
160;0;18;2;1000;662,58;0;510,83;521,25;79;1500,00;2000;2026;1
161;0;42;2;1000;-363,03;0;-197,95;-339,81;79;1500,00;2000;1963;1
162;0;49;1;1000;-35,02;0;132,20;61,26;79;1500,00;2000;0;0
163;0;73;0;500;624,28;532,44;135,50;614,51;79;1000,00;1000;0;0
164;0;33;1;1000;301,44;387,97;128,97;239,18;79;1500,00;2000;0;0
165;0;58;1;1500;237,32;0;-11,56;238,20;79;2000,00;3000;0;0
166;1;31;1;2000;-504,91;0;-475,71;-465,81;79;2000,00;4000;0;0
167;1;48;1;1000;-671,97;0;-402,85;-493,96;79;1500,00;2000;0;0
168;1;22;1;1000;496,55;0;125,42;257,00;79;1500,00;2000;2123;1
169;1;41;1;500;-780,28;0;-492,51;-789,60;79;1000,00;1000;1134;1
170;1;59;1;500;404,44;405,28;58,26;352,10;79;1000,00;1000;0;0
171;1;34;1;1500;-36,48;0;-260,06;-304,41;79;2000,00;3000;0;0
172;1;43;1;3000;-483,67;1001,52;-219,51;-823,97;79;3000;6000;0;0
173;1;25;2;500;-200,43;285,34;-336,87;-510,69;79;1000,00;1000;0;1
174;1;19;1;1000;-316,28;711,05;-169,04;-251,82;79;1500,00;2000;0;0
175;1;30;1;2500;693,43;0;163,16;561,00;79;2500,00;5000;0;0
176;1;51;1;5000;348,27;0;36,12;20,32;79;5000;10000;0;0
177;1;25;1;500;-730,15;0;-169,74;-466,51;79;1000,00;1000;0;1
178;1;26;0;1500;-169,36;0;161,00;103,63;79;2000,00;3000;0;0
179;1;34;1;500;241,27;353,22;396,80;216,60;79;1000,00;1000;0;0
180;1;20;0;1500;-535,12;0;-101,91;-416,71;79;2000,00;3000;0;0
181;1;38;1;2500;343,04;119,77;41,15;-92,52;79;2500,00;5000;0;0
182;1;31;0;500;-137,14;0;-16,53;-387,77;79;1000,00;1000;0;0
183;1;43;1;500;-391,92;0;-393,37;143,41;79;1000,00;1000;0;0
184;1;29;0;2000;-655,52;0;-377,98;-322,33;79;2000,00;4000;4016;1
185;1;35;1;2000;769,44;0;475,93;600,95;79;2000,00;4000;0;0
186;1;35;0;500;11,20;366,72;164,38;-65,90;79;1000,00;1000;0;0
187;1;21;0;1500;809,45;0;122,62;381,76;79;2000,00;3000;0;0
188;1;42;1;500;91,26;0;-55,73;48,70;79;1000,00;1000;0;0
189;1;35;0;2000;226,00;0;45,62;-142,11;79;2000,00;4000;0;0
190;1;55;0;5000;-468,43;0;-54,44;-75,99;79;5000;10000;0;0
191;1;32;0;500;-380,55;563,63;-87,40;-167,33;79;1000,00;1000;0;0
192;1;33;2;2500;257,60;0;-32,97;224,37;79;2500,00;5000;0;0
193;1;23;1;1500;-533,60;0;-403,14;-435,87;79;2000,00;3000;3046;1
194;1;37;1;500;676,62;0;620,37;837,41;79;1000,00;1000;0;0
195;1;42;1;3000;49,88;1032,09;140,59;286,55;79;3000;6000;5980;1
196;1;29;1;2500;-343,01;471,18;-175,36;-235,20;79;2500,00;5000;0;0
197;1;38;1;3000;-57,53;299,05;263,87;253,88;79;3000;6000;0;0
198;1;53;1;500;-595,00;0;-288,18;-460,66;79;1000,00;1000;1044;1
199;1;31;1;2000;496,46;0;413,35;313,75;79;2000,00;4000;4000;1
200;1;29;1;2500;-650,94;0;-218,31;-497,50;79;2500,00;5000;0;0
201;1;39;1;500;-697,27;0;-796,45;-881,32;79;1000,00;1000;0;1
202;1;23;1;500;302,10;223,2;309,24;236,26;79;1000,00;1000;949;1
203;1;33;1;2500;275,58;537,33;239,67;196,05;79;2500,00;5000;5013;1
204;1;28;2;2000;-262,00;0;-332,29;167,58;79;2000,00;4000;0;0
205;1;51;2;500;-877,05;384,92;-523,11;-494,08;79;1000,00;1000;0;1
206;1;46;0;500;-917,57;1160,94;-650,36;-945,92;79;1000,00;1000;997;1
207;1;34;1;500;355,30;326,8;-180,70;5,14;79;1000,00;1000;998;0
208;1;42;1;500;-518,66;0;-650,18;-707,78;79;1000,00;1000;0;0
209;1;78;1;1000;-85,22;750,02;-344,34;-62,47;79;1500,00;2000;0;0
210;1;19;0;1000;214,09;0;-50,93;-40,17;79;1500,00;2000;0;0
211;1;27;1;500;450,97;0;156,66;478,01;79;1000,00;1000;0;0
212;1;46;2;500;-351,38;0;-345,99;-349,43;79;1000,00;1000;0;0
213;1;22;1;1000;60,35;142,85;-137,08;-245,61;79;1500,00;2000;0;0
214;1;43;1;3000;134,44;0;-23,52;372,22;79;3000;6000;0;0
215;1;51;1;500;113,32;0;415,68;142,46;79;1000,00;1000;0;0
216;1;53;2;500;-475,56;141,1;-387,56;-302,58;79;1000,00;1000;0;0
217;1;23;1;1500;-885,32;504,04;-581,29;-776,55;79;2000,00;3000;0;1
218;1;36;1;500;-740,48;0;-653,68;-415,09;79;1000,00;1000;0;1
219;1;26;1;1500;179,13;0;66,72;154,91;79;2000,00;3000;0;0
220;1;23;2;1500;-7,63;903,49;-118,04;-203,86;79;2000,00;3000;0;0
221;1;57;0;500;38,68;450,13;131,63;56,09;79;1000,00;1000;0;0
222;1;23;0;1500;-23,99;602,46;-142,25;35,49;79;2000,00;3000;0;0
223;1;32;1;500;-72,36;0;17,93;-195,07;79;1000,00;1000;0;0
224;1;27;0;1500;81,72;0;-32,73;-188,19;79;2000,00;3000;2939;1
225;1;53;1;500;186,19;0;-92,94;-11,36;79;1000,00;1000;0;0
226;1;32;1;500;23,15;0;-286,89;-136,83;79;1000,00;1000;0;0
227;1;24;1;1500;218,28;0;278,60;-64,40;79;2000,00;3000;0;0
228;1;41;1;1500;-381,09;356,22;-221,73;-183,28;79;2000,00;3000;3014;1
229;1;40;1;3000;-144,96;0;100,03;-132,32;79;3000;6000;0;1
230;1;24;1;2000;9,45;0;-50,61;-178,97;79;2000,00;4000;0;0
231;1;30;1;2500;578,06;0;434,46;696,95;79;2500,00;5000;0;0
232;1;48;1;1500;457,11;0;113,36;313,67;79;2000,00;3000;2980;1
233;1;39;2;3000;-222,99;1107,97;-201,31;-240,01;79;3000;6000;0;0
234;1;49;1;500;-82,35;124,11;-102,74;-289,38;79;1000,00;1000;0;0
235;1;30;1;500;-444,95;0;-137,59;-75,53;79;1000,00;1000;0;1
236;1;26;1;2500;-344,31;163,53;-727,25;-410,59;79;2500,00;5000;0;0
237;1;24;2;1500;794,93;123,65;409,22;590,45;79;2000,00;3000;0;0
238;0;43;1;500;409,63;0;219,16;299,39;79;1000,00;1000;0;0
239;0;49;0;5000;-26,67;0;-329,98;-314,85;79;5000;10000;0;0
240;0;20;1;500;211,66;141,94;14,60;226,50;79;1000,00;1000;0;0
241;0;31;1;500;133,33;0;-27,43;155,96;79;1000,00;1000;0;0
242;0;19;1;1500;-106,68;499,34;-439,83;-277,97;79;2000,00;3000;0;0
243;0;18;2;1000;167,53;0;346,97;204,65;79;1500,00;2000;2026;1
244;0;22;0;1500;-426,78;0;-174,47;-712,39;79;2000,00;3000;0;0
245;0;20;2;1000;258,02;0;-44,92;-158,33;79;1500,00;2000;0;0
246;0;58;0;500;167,80;0;21,46;281,30;79;1000,00;1000;0;0
247;0;23;2;1500;-653,85;160,28;-398,24;-436,30;79;2000,00;3000;3064;1
248;0;42;1;500;-289,04;0;-425,63;-553,24;79;1000,00;1000;0;1
249;0;35;1;500;-378,01;0;-114,56;-521,64;79;1000,00;1000;0;0
250;0;26;1;2000;95,85;0;72,83;-48,05;79;2000,00;4000;0;0
251;0;40;1;3000;-432,50;0;-77,85;-239,48;79;3000;6000;5881;1
252;0;41;1;500;23,72;314,86;111,78;-9,57;79;1000,00;1000;0;0
253;0;37;1;3000;229,94;877,36;0,49;17,88;79;3000;6000;6081;1
254;0;41;1;500;-56,49;0;63,62;16,76;78;1000,00;1000;0;0
255;0;18;1;1500;-200,41;0;-520,87;-268,37;78;2000,00;3000;0;0
256;0;36;1;2500;-672,92;353,78;103,12;-209,64;78;2500,00;5000;4889;1
257;0;20;2;500;-397,96;0;-336,94;-635,63;78;1000,00;1000;0;0
258;0;36;1;2500;-737,21;0;-239,72;-459,15;78;2500,00;5000;0;0
259;0;19;1;500;-454,51;0;-131,46;-137,28;78;1000,00;1000;1031;1
260;0;38;1;2500;100,97;0;-594,36;-159,62;78;2500,00;5000;0;0
261;0;52;1;500;291,46;124,96;-129,86;144,10;78;1000,00;1000;0;0
262;0;21;0;2000;-421,86;0;-231,96;-307,63;78;2000,00;4000;0;0
263;0;18;1;500;-555,38;0;-315,55;-471,30;78;1000,00;1000;978;1
264;0;30;1;1500;165,62;606,32;-266,38;-13,56;78;2000,00;3000;2956;1
265;0;23;1;1500;553,39;0;273,65;335,25;78;2000,00;3000;0;0
266;0;26;1;2000;-571,78;0;-477,68;-561,38;78;2000,00;4000;0;0
267;0;24;1;1000;-306,16;0;-164,62;-172,14;78;1500,00;2000;0;0
268;0;29;1;500;-684,04;0;-841,59;-604,13;78;1000,00;1000;0;1
269;0;32;0;2500;-236,60;0;-302,25;-323,38;78;2500,00;5000;0;0
270;0;43;2;3000;-247,40;0;-250,39;-209,90;78;3000;6000;6013;1
271;0;19;1;500;320,04;0;362,70;518,78;78;1000,00;1000;0;0
272;0;61;1;500;-681,52;561,85;-388,61;-497,03;78;1000,00;1000;0;0
273;0;20;1;500;-771,48;0;-361,65;-766,96;78;1000,00;1000;1051;1
274;0;31;1;1500;-525,77;0;-519,29;-523,62;78;2000,00;3000;0;0
275;0;32;1;1000;98,35;0;-46,06;198,40;78;1500,00;2000;0;0
276;0;25;2;1500;175,16;0;246,23;211,49;78;2000,00;3000;0;0
277;0;29;0;500;-288,85;0;-459,56;-326,76;78;1000,00;1000;0;1
278;0;35;0;500;-236,69;0;-227,72;-337,28;78;1000,00;1000;0;0
279;0;52;1;500;461,19;431,29;309,89;126,40;78;1000,00;1000;0;0
280;0;27;2;2000;291,58;115,99;-305,29;-217,87;78;2000,00;4000;4017;1
281;0;40;1;1000;133,09;0;105,65;28,66;78;1500,00;2000;0;0
282;1;28;2;2500;6,84;0;16,85;185,33;78;2500,00;5000;0;0
283;1;37;1;2500;-155,35;0;-491,62;-301,02;78;2500,00;5000;0;0
284;1;35;1;2500;-48,84;0;265,07;182,94;78;2500,00;5000;0;1
285;1;38;2;500;457,37;0;138,55;158,71;78;1000,00;1000;0;0
286;1;55;1;500;-231,96;425,59;-246,46;-62,31;78;1000,00;1000;0;0
287;1;37;1;2000;-17,74;496,98;-371,20;-79,28;78;2000,00;4000;0;0
288;1;40;1;2500;90,11;0;-217,13;-296,49;78;2500,00;5000;0;0
289;1;32;1;2500;188,11;340,94;144,22;47,60;78;2500,00;5000;0;0
290;1;24;1;2000;-329,26;652,55;-269,27;-332,52;78;2000,00;4000;0;0
291;1;28;0;1500;-291,97;0;-662,26;-420,26;78;2000,00;3000;0;0
292;1;42;1;2500;37,58;0;-142,87;-293,47;78;2500,00;5000;0;0
293;1;19;1;1000;-170,21;0;131,57;1,72;78;1500,00;2000;0;0
294;1;42;2;3000;-375,11;696,34;-447,74;-498,58;78;3000;6000;0;0
295;1;36;2;500;-163,48;0;-171,37;-430,65;78;1000,00;1000;0;1
296;1;28;1;500;-658,39;0;-466,66;-551,59;78;1000,00;1000;0;0
297;1;57;0;500;-39,11;739,16;-64,96;-144,79;78;1000,00;1000;0;0
298;1;22;1;500;-142,51;0;-139,75;-127,77;78;1000,00;1000;0;1
299;1;40;0;2500;47,92;0;-110,11;26,03;78;2500,00;5000;5011;0
300;1;58;1;1000;247,22;0;-286,70;27,19;78;1500,00;2000;0;1
301;1;61;1;5000;-181,26;0;-312,81;-150,55;78;5000;10000;9874;1
302;1;29;2;500;-124,07;0;161,43;-92,82;78;1000,00;1000;0;0
303;1;38;1;2500;155,20;375,18;-68,46;232,48;78;2500,00;5000;4995;1
304;1;30;1;1500;-164,05;0;-156,08;5,32;78;2000,00;3000;0;0
305;1;63;1;5000;-1485,63;0;-1063,96;-1051,04;78;5000;10000;10053;1
306;1;23;1;2000;-357,46;0;-482,69;-213,87;78;2000,00;4000;0;0
307;1;32;1;1500;577,21;719,15;128,87;237,25;78;2000,00;3000;2934;1
308;1;40;1;3000;-266,70;1048,63;-222,04;-252,86;78;3000;6000;0;0
309;1;54;1;5000;-834,60;0;-462,50;-578,96;78;5000;10000;9924;1
310;1;59;0;500;-169,56;0;-231,80;-54,48;78;1000,00;1000;969;1
311;1;23;1;1500;-932,83;0;-212,67;-654,91;78;2000,00;3000;2954;1
312;1;27;2;2000;-581,93;311,96;-250,43;-281,41;78;2000,00;4000;0;0
313;1;23;2;1500;9,81;232,75;48,98;-176,44;78;2000,00;3000;0;0
314;1;40;0;500;-105,98;0;356,26;-47,76;78;1000,00;1000;0;0
315;1;28;2;500;376,39;0;196,43;240,95;78;1000,00;1000;0;1
316;1;35;2;1000;122,90;0;273,84;248,26;78;1500,00;2000;0;0
317;1;33;1;2000;-892,26;0;-198,96;-603,77;78;2000,00;4000;0;1
318;1;25;2;1500;-20,72;0;153,30;97,37;78;2000,00;3000;0;0
319;1;20;0;1500;-468,65;0;-394,32;-310,20;78;2000,00;3000;0;0
320;1;48;1;1500;-199,56;0;-141,77;-13,19;78;2000,00;3000;2963;1
321;1;21;2;1000;610,97;0;555,63;614,51;78;1500,00;2000;0;0
322;1;35;2;500;238,59;0;-103,85;39,98;78;1000,00;1000;0;0
323;1;20;0;1000;-144,38;183,15;-191,59;-153,09;78;1500,00;2000;0;0
324;1;31;1;1500;-606,48;0;-275,26;-201,78;78;2000,00;3000;3029;1
325;1;69;1;5000;487,67;0;131,38;108,70;78;5000;10000;0;0
326;1;31;1;2500;560,60;0;531,86;324,54;78;2500,00;5000;0;0
327;1;18;2;1000;557,00;0;23,65;74,17;78;1500,00;2000;2004;1
328;1;48;1;500;-42,00;0;-178,38;6,13;78;1000,00;1000;0;0
329;1;27;1;1500;1391,38;611,03;522,14;977,12;78;2000,00;3000;0;0
330;1;33;1;500;-375,39;0;-333,65;-421,94;78;1000,00;1000;0;0
331;1;24;0;1500;167,12;0;239,46;241,81;78;2000,00;3000;0;0
332;1;23;0;500;-818,47;0;-226,40;-651,80;78;1000,00;1000;0;1
333;1;19;1;1000;-857,63;0;-406,52;-564,95;78;1500,00;2000;0;1
334;1;24;0;1000;730,40;0;265,49;523,26;78;1500,00;2000;0;0
335;1;44;1;1000;-432,22;0;-639,93;-690,80;78;1500,00;2000;0;0
336;1;29;1;2000;150,10;0;-192,47;-78,70;78;2000,00;4000;0;0
337;1;26;1;2000;179,19;0;-95,35;38,14;78;2000,00;4000;3969;1
338;1;71;1;500;-365,05;255,39;-232,70;-422,62;78;1000,00;1000;0;0
339;1;28;2;2000;-536,77;0;-591,40;-588,30;78;2000,00;4000;0;0
340;1;18;1;2500;153,08;0;-292,42;-245,91;78;2500,00;5000;0;0
341;1;21;1;2000;-718,57;0;-567,11;-629,45;78;2000,00;4000;0;0
342;1;39;1;2500;382,82;0;476,95;518,10;78;2500,00;5000;0;0
343;1;58;2;5000;-705,53;0;-657,05;-787,85;78;5000;10000;0;1
344;1;28;1;2000;-1079,86;0;-731,84;-962,49;78;2000,00;4000;0;1
345;1;25;0;1500;-40,08;271,43;109,29;214,79;78;2000,00;3000;0;0
346;1;40;1;500;271,64;0;172,23;451,02;78;1000,00;1000;0;0
347;1;43;1;1000;-21,94;0;-158,80;-122,47;78;1500,00;2000;0;0
348;1;44;2;500;204,10;0;-162,05;-175,91;78;1000,00;1000;0;0
349;1;22;2;1500;370,39;0;117,51;58,62;78;2000,00;3000;2998;1
350;1;31;2;2500;381,31;154,58;319,62;602,42;78;2500,00;5000;0;0
351;1;29;1;500;-321,73;0;-577,17;-357,17;78;1000,00;1000;0;0
352;1;22;1;1000;978,61;0;291,35;572,23;78;1500,00;2000;0;0
353;1;28;1;1500;365,24;0;-41,20;83,43;78;2000,00;3000;0;0
354;1;23;2;1500;42,94;0;-201,80;-147,01;78;2000,00;3000;0;0
355;1;40;0;3000;421,41;0;279,54;379,47;78;3000;6000;0;0
356;1;28;0;2000;479,23;1055,19;181,93;234,60;78;2000,00;4000;4030;1
357;1;33;0;2500;260,77;357,28;283,39;43,36;78;2500,00;5000;0;0
358;0;33;0;2500;204,31;384,65;-187,35;243,01;78;2500,00;5000;0;0
359;0;20;1;1000;-255,34;361,36;132,85;-96,24;78;1500,00;2000;0;0
360;0;41;1;500;121,23;0;-11,28;179,18;78;1000,00;1000;0;1
361;0;28;1;1500;-789,55;453,37;-255,16;-502,34;78;2000,00;3000;0;1
362;0;57;0;500;423,87;0;427,17;248,40;78;1000,00;1000;0;0
363;0;36;0;2500;-214,31;349,6;-51,48;-193,26;78;2500,00;5000;0;0
364;0;32;1;1500;-822,87;0;-116,41;-355,94;78;2000,00;3000;0;1
365;0;41;2;2500;-174,74;169,65;58,69;44,67;78;2500,00;5000;5024;1
366;0;53;1;5000;-75,69;0;16,92;-152,93;78;5000;10000;0;0
367;0;27;1;2000;-76,17;0;-311,73;-280,36;78;2000,00;4000;0;0
368;0;55;1;500;362,56;0;-115,95;287,53;78;1000,00;1000;0;0
369;0;35;1;2500;601,27;597,85;681,93;829,45;78;2500,00;5000;0;0
370;0;38;1;2500;-610,44;556,66;-121,78;-460,10;78;2500,00;5000;0;0
371;0;47;1;500;519,57;335,22;-188,88;-93,34;78;1000,00;1000;1020;1
372;0;34;1;500;422,60;118,62;120,30;135,24;78;1000,00;1000;0;0
373;0;30;2;2000;473,44;567,5;20,44;408,93;78;2000,00;4000;4007;1
374;0;23;1;1000;-181,96;554,65;-261,49;-160,46;78;1500,00;2000;0;0
375;0;24;0;1500;-486,82;0;-424,82;-476,51;78;2000,00;3000;0;0
376;0;47;1;2500;59,80;1013,76;154,34;-98,15;78;2500,00;5000;4960;1
377;0;31;2;500;-98,57;776,81;-64,35;-54,99;78;1000,00;1000;0;0
378;0;35;1;2000;173,77;0;44,67;282,67;78;2000,00;4000;0;0
379;0;19;0;1000;-421,12;0;-187,40;-366,20;78;1500,00;2000;0;0
380;0;22;0;1500;-743,17;270,37;-595,63;-748,69;78;2000,00;3000;0;0
381;0;52;1;500;311,57;0;-79,27;117,63;78;1000,00;1000;0;0
382;0;24;1;1500;360,65;0;617,17;800,53;78;2000,00;3000;0;0
383;0;42;0;500;-206,82;0;-538,53;-596,44;78;1000,00;1000;0;0
384;0;28;1;1500;-456,97;0;-395,44;-492,94;78;2000,00;3000;0;0
385;0;35;1;1000;-472,17;0;-500,82;-555,18;78;1500,00;2000;0;0
386;0;28;2;500;141,07;138,44;-209,54;11,70;78;1000,00;1000;0;0
387;0;34;0;2500;195,36;0;314,44;326,16;78;2500,00;5000;0;0
388;0;18;1;1000;-318,25;0;-146,00;-94,26;78;1500,00;2000;0;0
389;0;19;1;1500;-51,34;173,48;-176,67;149,61;77;2000,00;3000;0;0
390;0;39;1;1000;-199,36;468,63;-486,59;-312,71;77;1500,00;2000;0;0
391;0;19;1;1500;289,81;0;-80,42;162,99;77;2000,00;3000;0;0
392;0;29;1;500;312,67;124,81;210,60;554,68;77;1000,00;1000;0;0
393;0;32;1;2500;496,92;172,62;578,06;515,51;77;2500,00;5000;0;0
394;0;37;1;500;-21,71;782,18;294,41;273,97;77;1000,00;1000;0;0
395;0;37;1;1500;-249,99;0;-361,01;-327,57;77;2000,00;3000;2982;1
396;0;35;1;2500;-261,74;0;-250,94;-159,62;77;2500,00;5000;0;0
397;0;36;1;2500;-178,64;0;82,24;-18,08;77;2500,00;5000;0;0
398;0;40;1;3000;-2,36;0;-103,01;-57,62;77;3000;6000;0;0
399;0;18;1;1000;68,24;0;-17,40;-159,13;77;1500,00;2000;0;0
400;0;29;1;1500;-761,16;0;-493,69;-422,99;77;2000,00;3000;2993;1
401;0;21;1;1000;-518,09;0;-227,96;-417,40;77;1500,00;2000;0;0
402;0;44;2;500;-40,04;0;-377,92;-424,39;77;1000,00;1000;0;0
403;0;39;0;1500;12,95;430,23;-378,57;-100,26;77;2000,00;3000;3001;1
404;0;25;1;1000;139,25;0;-315,67;-384,51;77;1500,00;2000;2020;1
405;0;36;0;3000;-643,76;496,43;-224,44;-363,92;77;3000;6000;0;0
406;0;22;1;2000;46,19;385,63;-101,70;15,38;77;2000,00;4000;0;0
407;0;18;2;1000;-691,67;0;90,03;-508,99;77;1500,00;2000;0;1
408;0;36;1;500;5,84;450,3;-252,75;-232,36;77;1000,00;1000;939;1
409;1;32;2;1000;-48,33;392,32;-357,10;-315,75;77;1500,00;2000;0;0
410;1;42;0;3000;945,82;1116,48;384,85;853,74;77;3000;6000;0;0
411;1;36;1;3000;421,49;290,01;198,16;85,98;77;3000;6000;0;0
412;1;25;1;500;141,99;0;109,05;-51,39;77;1000,00;1000;0;0
413;1;35;1;2500;578,55;363,64;409,99;867,08;77;2500,00;5000;0;0
414;1;30;0;1500;-372,70;0;-393,32;-319,87;77;2000,00;3000;3010;1
415;1;28;1;1000;718,18;0;514,65;513,47;77;1500,00;2000;0;0
416;1;26;0;1500;-89,96;0;267,93;370,35;77;2000,00;3000;0;0
417;1;58;1;5000;-32,93;0;-7,89;-97,37;77;5000;10000;0;0
418;1;34;0;1500;-242,50;0;87,30;-154,91;77;2000,00;3000;3006;1
419;1;35;2;500;-12,05;0;-81,60;72,59;77;1000,00;1000;985;1
420;1;49;2;500;-337,20;464,55;-133,25;-115,45;77;1000,00;1000;0;0
421;1;28;1;1000;-518,85;445,6;-572,87;-592,65;77;1500,00;2000;1972;1
422;1;40;1;500;-85,95;238,08;122,78;-140,37;77;1000,00;1000;0;0
423;1;20;1;500;501,55;0;542,70;383,57;77;1000,00;1000;0;0
424;1;24;2;1500;697,81;0;526,93;623,41;77;2000,00;3000;0;0
425;1;52;1;500;-150,19;118,01;-49,06;-239,39;77;1000,00;1000;0;0
426;1;61;2;500;72,91;0;-132,36;-32,46;77;1000,00;1000;997;1
427;1;25;1;2000;73,42;422,72;-45,40;203,03;77;2000,00;4000;0;0
428;1;28;1;500;637,60;0;243,78;433,23;77;1000,00;1000;0;0
429;1;26;1;1000;296,29;499,16;343,19;77,44;77;1500,00;2000;2024;1
430;1;33;1;1000;63,24;303,94;22,38;47,77;77;1500,00;2000;0;0
431;1;18;1;1500;181,34;0;234,28;236,27;77;2000,00;3000;0;0
432;1;61;0;5000;87,92;389,88;-108,12;72,87;77;5000;10000;0;0
433;1;52;0;5000;320,06;0;49,32;125,96;77;5000;10000;0;0
434;1;28;2;1500;-110,26;0;255,69;-5,99;77;2000,00;3000;3048;1
435;1;36;1;2500;1090,87;0;991,87;924,20;77;2500,00;5000;0;0
436;1;18;1;1500;250,29;0;-116,20;109,24;77;2000,00;3000;0;0
437;1;48;1;500;-524,40;0;-300,44;-113,50;77;1000,00;1000;0;0
438;1;29;1;2000;263,01;0;33,74;399,86;77;2000,00;4000;0;0
439;1;30;0;1500;-670,54;0;-221,75;-417,89;77;2000,00;3000;3059;1
440;1;69;1;500;187,69;0;90,58;-43,56;77;1000,00;1000;1023;1
441;1;37;1;2000;-282,13;0;2,37;-72,49;77;2000,00;4000;0;0
442;1;21;1;1500;408,81;583,71;294,85;493,92;77;2000,00;3000;3090;1
443;1;37;1;3000;-414,48;0;-387,93;-367,50;77;3000;6000;5997;1
444;1;34;2;3000;72,97;0;-461,67;-165,08;77;3000;6000;0;0
445;1;29;0;500;590,42;0;370,27;482,28;77;1000,00;1000;0;0
446;1;35;0;2500;-21,78;636,93;-32,41;-3,92;77;2500,00;5000;0;0
447;1;44;2;500;-153,22;0;-376,72;-10,79;77;1000,00;1000;0;0
448;1;24;1;500;-217,61;694,54;-422,13;-318,45;77;1000,00;1000;0;0
449;1;38;1;500;-148,66;0;-265,71;-127,33;77;1000,00;1000;0;0
450;1;26;0;1500;-434,00;0;77,14;82,74;77;2000,00;3000;0;0
451;1;56;0;500;-100,75;0;-258,18;-291,19;77;1000,00;1000;0;0
452;1;35;1;500;253,28;0;302,55;158,35;77;1000,00;1000;0;0
453;1;21;1;1000;-371,77;658,61;-26,85;-283,21;77;1500,00;2000;0;0
454;1;41;0;3000;-54,45;1100,29;-41,24;-85,81;77;3000;6000;0;0
455;1;25;1;500;-248,94;0;-104,66;-99,19;77;1000,00;1000;964;1
456;1;47;0;1000;582,11;0;-189,27;176,25;77;1500,00;2000;0;1
457;1;53;1;500;108,25;0;-150,30;85,38;77;1000,00;1000;0;1
458;1;25;1;500;453,32;0;246,94;175,68;77;1000,00;1000;0;0
459;1;29;2;2000;-43,57;236,36;-501,63;-314,87;77;2000,00;4000;0;0
460;1;35;0;2500;-133,51;0;226,03;8,96;77;2500,00;5000;4991;1
461;1;26;1;1500;-319,27;268,93;-205,21;-181,24;77;2000,00;3000;0;0
462;1;39;1;1000;269,62;289,1;120,42;214,77;77;1500,00;2000;2034;1
463;1;39;1;2500;-533,16;361,26;-117,52;-457,00;77;2500,00;5000;0;0
464;1;28;1;500;-42,04;0;-503,74;-265,20;77;1000,00;1000;0;0
465;1;35;1;2500;-99,02;0;4,07;-133,49;77;2500,00;5000;5083;1
466;1;53;0;1000;-551,10;290,4;-291,52;-653,61;77;1500,00;2000;0;0
467;1;21;1;1000;-364,66;0;237,32;-11,22;77;1500,00;2000;0;0
468;1;22;1;1500;-876,52;224,76;-348,32;-742,47;77;2000,00;3000;3161;1
469;1;31;1;2000;-663,35;0;-636,33;-718,74;77;2000,00;4000;4004;1
470;1;52;2;5000;-104,65;0;-356,20;-191,04;77;5000;10000;0;0
471;1;19;1;1500;-576,10;0;-271,61;-383,92;77;2000,00;3000;3012;1
472;1;73;1;1000;-587,66;547,68;-347,78;-593,14;77;1500,00;2000;0;0
473;1;62;1;5000;-311,91;0;-171,28;-237,99;77;5000;10000;0;1
474;1;22;0;1000;-115,79;0;-278,60;-277,36;77;1500,00;2000;0;0
475;1;27;1;1500;-114,40;535,16;-223,22;-173,91;77;2000,00;3000;0;0
476;1;35;1;3000;92,52;0;-1,60;87,91;77;3000;6000;0;0
477;1;32;1;1000;-277,71;0;-449,09;-498,10;77;1500,00;2000;0;1
478;1;51;2;500;80,36;0;128,05;112,77;77;1000,00;1000;0;0
479;1;41;1;500;141,15;147,27;-100,77;123,84;77;1000,00;1000;0;0
480;1;57;1;5000;208,08;0;-111,47;204,68;77;5000;10000;10028;1
481;1;35;2;1500;-846,41;0;-710,87;-876,44;77;2000,00;3000;0;1
482;1;50;1;500;4,46;0;-190,37;-92,13;77;1000,00;1000;980;1
483;1;32;1;2500;-86,46;0;-266,69;-262,98;77;2500,00;5000;0;0
484;1;60;1;500;481,56;0;154,19;418,38;77;1000,00;1000;0;0
485;1;47;0;500;548,94;0;317,25;503,29;77;1000,00;1000;0;0
486;0;35;0;2500;462,94;0;269,37;484,62;77;2500,00;5000;0;0
487;0;38;2;2500;-273,04;725,96;-434,00;-494,06;77;2500,00;5000;0;1
488;0;56;1;1000;-12,12;396,37;-338,82;-129,87;77;1500,00;2000;0;0
489;0;27;2;1500;-48,30;0;-126,86;14,97;77;2000,00;3000;0;0
490;0;23;1;1500;-598,51;0;-417,90;-671,78;77;2000,00;3000;3066;1
491;0;23;2;500;-919,93;330,54;-581,29;-767,71;77;1000,00;1000;1004;1
492;0;33;1;2000;334,60;0;137,41;412,13;77;2000,00;4000;4037;1
493;0;49;1;500;-641,92;298,05;-79,55;-171,76;77;1000,00;1000;866;1
494;0;47;2;500;194,40;0;84,32;347,46;77;1000,00;1000;0;0
495;0;23;1;500;-236,70;0;-460,92;-329,13;77;1000,00;1000;999;1
496;0;32;0;1000;18,45;0;-202,14;-416,33;77;1500,00;2000;0;0
497;0;51;2;1500;-966,52;0;-451,37;-559,17;77;2000,00;3000;3024;1
498;0;46;1;500;-576,57;0;-348,82;-608,30;77;1000,00;1000;0;1
499;0;62;0;5000;-144,51;0;-31,24;6,81;77;5000;10000;0;0
500;0;22;1;500;-1094,54;0;-344,50;-1052,42;77;1000,00;1000;0;1
501;0;33;1;2500;-4,50;179,3;-398,03;-155,75;77;2500,00;5000;0;0
502;0;34;2;2000;-633,62;0;-491,85;-433,67;77;2000,00;4000;0;0
503;0;21;1;500;-556,06;109,28;-530,27;-367,31;77;1000,00;1000;0;0
504;0;20;0;1000;-409,75;0;-358,85;-403,32;77;1500,00;2000;0;0
505;0;25;1;500;395,21;0;411,14;698,11;77;1000,00;1000;0;0
506;0;37;0;1500;-582,57;0;-296,69;-258,77;77;2000,00;3000;0;0
507;0;28;1;1000;-707,91;0;-433,95;-630,27;77;1500,00;2000;0;0
508;0;22;1;1500;-613,03;322,42;-521,65;-537,31;77;2000,00;3000;0;0
509;0;33;0;500;-284,05;0;-145,19;34,96;77;1000,00;1000;0;0
510;0;27;0;1500;-729,21;379,56;-218,20;-507,42;77;2000,00;3000;0;1
511;0;24;1;1500;-27,57;0;-24,38;-38,67;77;2000,00;3000;0;0
512;0;37;1;1500;-618,56;0;-184,81;-344,04;77;2000,00;3000;0;0
513;0;31;1;500;125,48;0;160,30;-148,79;77;1000,00;1000;0;0
514;0;37;1;3000;123,46;491,96;116,03;535,27;77;3000;6000;0;0
515;0;39;0;2000;51,99;0;216,82;250,29;77;2000,00;4000;0;0
516;0;26;1;500;126,26;0;-26,95;75,87;77;1000,00;1000;0;0
517;0;40;1;500;46,60;0;234,31;259,39;77;1000,00;1000;0;0
518;0;33;1;2000;-482,60;0;-122,97;-439,22;77;2000,00;4000;0;0
519;0;27;0;1000;26,84;237,62;179,88;194,49;77;1500,00;2000;0;0
520;0;61;2;1500;253,90;471,46;-147,39;122,14;77;2000,00;3000;0;0
521;0;21;0;1500;61,03;0;-304,45;-29,37;77;2000,00;3000;0;0
522;0;20;1;1000;-409,45;523,03;-466,03;-569,45;77;1500,00;2000;0;0
523;0;26;0;500;63,44;0;-312,67;-9,51;77;1000,00;1000;0;0
524;0;29;2;1500;392,41;648,04;-324,60;-24,78;77;2000,00;3000;0;0
525;0;35;0;1500;221,44;0;72,82;235,74;77;2000,00;3000;0;1
526;0;49;1;500;257,97;0;-115,63;217,50;76;1000,00;1000;0;1
527;0;36;2;2500;-392,06;0;-289,10;-86,11;76;2500,00;5000;5036;1
528;0;41;1;500;-331,69;331,26;-369,50;-264,07;76;1000,00;1000;0;0
529;0;20;2;500;155,65;0;353,81;-35,18;76;1000,00;1000;0;0
530;0;22;1;2000;-16,99;0;-171,02;-33,36;76;2000,00;4000;4062;1
531;0;44;1;500;-117,77;400,83;-474,64;-459,37;76;1000,00;1000;0;0
532;0;33;1;2000;4,71;172,88;-229,00;-396,50;76;2000,00;4000;3989;1
533;0;41;1;500;-259,63;646,99;-72,01;-102,05;76;1000,00;1000;0;0
534;0;29;1;1500;-451,38;0;149,91;-49,33;76;2000,00;3000;0;0
535;0;35;2;500;345,12;236,98;-125,48;117,84;76;1000,00;1000;0;0
536;0;28;2;1500;272,20;106,18;-66,44;-100,81;76;2000,00;3000;0;0
537;1;41;0;1500;-473,70;0;-411,83;-678,62;76;2000,00;3000;0;0
538;1;23;0;1000;124,76;0;138,93;167,24;76;1500,00;2000;0;0
539;1;24;2;2000;-286,10;0;-70,03;-328,31;76;2000,00;4000;0;1
540;1;21;0;500;-56,19;352,33;121,09;-145,41;76;1000,00;1000;0;0
541;1;18;1;1000;107,09;0;364,06;2,97;76;1500,00;2000;0;0
542;1;45;1;500;-106,42;0;-46,32;-181,93;76;1000,00;1000;1084;1
543;1;33;0;1000;-404,17;0;-184,76;-279,44;76;1500,00;2000;0;0
544;1;18;2;1000;-239,23;827,08;-330,19;-124,71;76;1500,00;2000;0;0
545;1;22;1;1000;-329,90;0;-272,92;-392,40;76;1500,00;2000;0;0
546;1;42;1;500;-283,97;120,25;-374,46;-142,49;76;1000,00;1000;0;1
547;1;46;1;3000;-151,43;0;10,97;-255,67;76;3000;6000;0;0
548;1;36;2;2500;-635,82;0;-540,31;-725,46;76;2500,00;5000;4950;1
549;1;34;2;1000;-939,57;0;-623,61;-838,51;76;1500,00;2000;0;1
550;1;22;2;1500;-631,76;0;-300,21;-590,44;76;2000,00;3000;0;0
551;1;30;1;2500;113,46;1299,03;225,28;107,54;76;2500,00;5000;0;0
552;1;38;1;3000;324,24;0;-63,15;-86,23;76;3000;6000;0;0
553;1;19;1;1000;-546,06;0;-248,27;-392,35;76;1500,00;2000;0;0
554;1;58;1;500;-11,52;0;100,88;101,54;76;1000,00;1000;0;0
555;1;39;1;2500;325,36;817,8;-205,44;-7,97;76;2500,00;5000;0;0
556;1;22;1;1500;-251,87;0;-134,49;56,21;76;2000,00;3000;0;0
557;1;21;2;1500;-190,83;226,97;-78,10;-419,84;76;2000,00;3000;0;0
558;1;30;2;2000;-27,08;641,56;226,63;285,31;76;2000,00;4000;3954;1
559;1;31;1;1500;152,21;0;287,77;57,97;76;2000,00;3000;2898;1
560;1;25;2;1000;256,85;0;284,75;249,69;76;1500,00;2000;0;0
561;1;24;1;1500;130,38;631,18;193,72;200,75;76;2000,00;3000;0;0
562;1;34;1;3000;-323,27;0;-1,16;-134,52;76;3000;6000;0;0
563;1;42;0;500;374,23;0;463,89;300,75;76;1000,00;1000;0;0
564;1;48;2;1000;164,15;0;512,87;537,25;76;1500,00;2000;0;0
565;1;19;1;1000;333,75;0;298,57;311,64;76;1500,00;2000;0;0
566;1;39;0;2000;-608,50;0;-165,90;-511,17;76;2000,00;4000;0;0
567;1;25;1;1500;-359,63;0;-412,01;-599,13;76;2000,00;3000;0;0
568;1;42;2;2500;520,18;0;-42,12;217,62;76;2500,00;5000;0;0
569;1;31;1;1500;-529,92;0;-266,57;-384,57;76;2000,00;3000;0;0
570;1;26;1;2000;43,98;284,07;-17,50;93,56;76;2000,00;4000;0;0
571;1;34;0;1000;-277,26;955,64;-265,15;-304,14;76;1500,00;2000;0;0
572;1;57;2;500;255,82;421,68;176,38;38,75;76;1000,00;1000;0;0
573;1;28;1;1000;832,61;783,02;556,84;573,38;76;1500,00;2000;0;0
574;1;18;0;1000;480,35;0;189,20;222,83;76;1500,00;2000;0;0
575;1;18;1;1000;215,91;0;122,55;283,65;76;1500,00;2000;0;0
576;1;44;1;500;-10,37;0;-88,79;-131,23;76;1000,00;1000;0;0
577;1;26;1;1500;567,92;0;554,25;383,76;76;2000,00;3000;0;0
578;1;42;0;500;-54,26;0;-123,88;-383,21;76;1000,00;1000;1050;1
579;1;27;0;500;-373,29;0;312,89;-196,04;76;1000,00;1000;0;0
580;1;30;1;1000;914,35;0;372,60;479,85;76;1500,00;2000;0;0
581;1;33;1;2000;95,78;536,99;-51,89;-47,19;76;2000,00;4000;0;0
582;1;67;2;1000;-659,10;0;-1075,97;-866,58;76;1500,00;2000;1902;1
583;1;25;1;1500;-515,37;262,59;-198,98;-300,26;76;2000,00;3000;0;0
584;1;28;2;2000;71,87;0;37,13;166,72;76;2000,00;4000;0;0
585;1;38;0;1000;-408,05;0;-491,23;-394,09;76;1500,00;2000;0;0
586;1;23;1;500;-881,26;0;-487,35;-728,75;76;1000,00;1000;0;1
587;1;38;2;2500;56,80;0;171,91;171,32;76;2500,00;5000;0;0
588;1;25;0;1000;-846,95;791;-938,79;-621,42;76;1500,00;2000;1952;1
589;1;28;2;2500;-204,03;255,96;-29,93;-228,58;76;2500,00;5000;0;0
590;1;22;2;1500;77,05;164,54;-180,71;-168,71;76;2000,00;3000;2983;1
591;1;37;1;1500;-283,60;0;-297,56;-166,08;76;2000,00;3000;3050;1
592;1;36;1;1000;-495,45;344,61;-81,00;-127,62;76;1500,00;2000;0;0
593;1;40;1;500;165,04;0;-83,66;65,48;76;1000,00;1000;0;0
594;1;20;1;1500;183,61;0;-25,90;82,32;76;2000,00;3000;0;0
595;1;21;1;1000;-125,10;0;-62,79;-229,82;76;1500,00;2000;0;0
596;1;38;1;500;-108,62;703,77;-260,58;-233,61;76;1000,00;1000;0;0
597;1;27;0;1500;-675,51;0;-22,46;-79,34;76;2000,00;3000;3001;1
598;1;21;1;1000;787,03;697,79;316,31;409,65;76;1500,00;2000;0;0
599;1;27;1;1000;-29,16;0;100,15;-121,13;76;1500,00;2000;0;0
600;1;29;0;2500;405,84;441,38;349,11;327,55;76;2500,00;5000;0;0
601;1;42;1;2500;-409,87;241,4;-182,46;-172,42;76;2500,00;5000;0;0
602;1;41;1;500;225,96;0;74,92;137,10;76;1000,00;1000;0;0
603;1;28;1;500;-64,00;259,92;51,01;86,79;76;1000,00;1000;0;0
604;1;31;2;2000;-492,73;309,99;-322,97;-534,93;76;2000,00;4000;0;0
605;0;24;1;500;-567,14;0;-345,06;-539,79;76;1000,00;1000;0;1
606;0;18;1;1000;351,47;326,63;461,09;348,82;76;1500,00;2000;1958;1
607;0;19;1;1000;-468,73;0;-348,18;-604,76;76;1500,00;2000;0;0
608;0;44;1;1500;571,40;0;185,21;582,54;76;2000,00;3000;0;0
609;0;60;2;5000;-265,43;0;-179,85;-165,61;76;5000;10000;0;0
610;0;58;1;500;-675,53;0;-429,72;-510,14;76;1000,00;1000;0;1
611;0;39;2;2000;-657,38;0;-560,27;-599,42;76;2000,00;4000;0;0
612;0;21;1;1500;-639,05;156,52;-461,89;-540,54;76;2000,00;3000;0;0
613;0;28;0;500;-508,01;0;-685,01;-703,03;76;1000,00;1000;0;0
614;0;55;1;500;-384,28;0;-365,21;-403,87;76;1000,00;1000;978;1
615;0;23;0;2000;-33,87;0;192,02;65,56;76;2000,00;4000;4025;1
616;0;58;2;5000;-263,98;0;-274,29;-348,63;76;5000;10000;10007;1
617;0;35;2;2500;170,67;291,72;421,03;274,51;76;2500,00;5000;4995;1
618;0;23;1;500;69,36;0;-151,80;-314,46;76;1000,00;1000;0;0
619;0;36;1;500;-512,79;0;-381,40;-263,85;76;1000,00;1000;0;1
620;0;54;2;1000;-323,89;0;-185,38;-291,80;76;1500,00;2000;0;0
621;0;23;1;2000;221,64;0;-276,71;17,32;76;2000,00;4000;0;0
622;0;28;2;1000;-334,54;0;-233,18;-207,97;76;1500,00;2000;1931;1
623;0;18;1;1000;52,84;707,1;-82,00;93,52;76;1500,00;2000;0;1
624;0;32;2;2000;-88,57;0;-75,33;-170,82;76;2000,00;4000;0;0
625;0;33;1;3000;-523,98;111,47;127,52;-321,07;76;3000;6000;0;0
626;0;37;2;2500;264,68;112,15;61,90;65,02;76;2500,00;5000;5088;1
627;0;54;2;1000;32,97;0;132,99;359,43;76;1500,00;2000;0;0
628;0;32;1;1500;-122,26;0;-60,35;-75,43;76;2000,00;3000;2987;1
629;0;34;1;1000;-761,82;0;-342,06;-430,80;76;1500,00;2000;2073;1
630;0;56;1;1000;-79,87;619,46;34,81;86,82;76;1500,00;2000;0;0
631;0;23;2;1000;488,24;0;23,79;26,46;76;1500,00;2000;0;0
632;0;28;1;2000;-466,57;0;-221,08;-413,86;76;2000,00;4000;0;0
633;0;23;1;500;514,46;384,69;-216,43;115,04;76;1000,00;1000;0;0
634;0;39;1;500;134,97;0;228,56;183,54;76;1000,00;1000;0;0
635;0;34;1;500;-112,52;0;302,14;-1,57;76;1000,00;1000;0;0
636;0;48;2;500;-438,69;0;-65,68;-332,80;76;1000,00;1000;0;1
637;0;23;1;1500;29,17;835,92;-217,68;-111,77;76;2000,00;3000;0;0
638;0;41;1;1000;486,58;0;395,71;674,36;76;1500,00;2000;0;0
639;0;44;2;500;-72,73;0;-473,11;-247,78;76;1000,00;1000;0;0
640;0;19;1;500;-524,72;0;-373,58;-375,85;76;1000,00;1000;0;0
641;0;22;0;1500;688,89;0;155,01;343,08;76;2000,00;3000;0;0
642;0;33;1;2000;-383,02;0;-377,59;-220,02;76;2000,00;4000;3983;1
643;0;23;1;1000;-152,58;1004,21;168,07;185,46;76;1500,00;2000;0;0
644;1;33;1;2500;-77,55;0;-382,30;-375,74;76;2500,00;5000;5027;1
645;1;42;1;1000;512,98;0;61,69;372,26;76;1500,00;2000;0;0
646;1;33;1;2000;-828,11;0;-154,59;-635,57;76;2000,00;4000;0;1
647;1;25;2;1000;-38,51;1326,4;167,53;201,00;76;1500,00;2000;0;0
648;1;25;2;1500;217,96;0;298,76;218,14;76;2000,00;3000;0;0
649;1;50;1;500;-340,01;158,3;-131,04;-480,21;76;1000,00;1000;0;0
650;1;42;2;3000;-103,72;0;84,52;-54,25;76;3000;6000;0;0
651;1;61;2;500;-669,12;1031,08;-639,93;-667,86;76;1000,00;1000;0;0
652;1;22;1;1500;-241,53;0;-178,81;-270,46;76;2000,00;3000;0;0
653;1;24;1;1500;-159,75;651,7;-463,04;-266,24;76;2000,00;3000;0;0
654;1;43;1;3000;-136,42;0;-38,66;98,79;76;3000;6000;0;0
655;1;24;0;1000;170,41;778,6;-104,20;-326,32;76;1500,00;2000;0;0
656;1;20;1;500;-328,58;364,23;-170,56;-62,24;76;1000,00;1000;0;0
657;1;24;2;500;-272,61;0;-156,50;-0,46;76;1000,00;1000;0;0
658;1;42;0;2500;-100,07;0;185,38;-53,05;76;2500,00;5000;0;0
659;1;35;0;2000;-213,57;0;-146,20;-195,66;76;2000,00;4000;0;0
660;1;19;1;1000;827,25;359,82;456,27;787,09;76;1500,00;2000;0;0
661;1;23;1;1500;-623,72;0;-671,25;-570,64;76;2000,00;3000;0;0
662;1;38;1;3000;167,80;0;7,79;189,80;76;3000;6000;0;0
663;1;49;1;500;842,85;0;534,36;885,60;76;1000,00;1000;920;0
664;1;34;2;500;-264,13;0;-440,72;-415,32;76;1000,00;1000;0;0
665;1;47;2;3000;-316,73;0;-338,88;-285,68;76;3000;6000;0;0
666;1;37;0;2500;-53,86;0;-219,27;-3,26;76;2500,00;5000;0;0
667;1;43;0;500;-400,87;0;-72,48;-70,61;75;1000,00;1000;0;0
668;1;33;1;2500;-446,67;0;-171,61;-94,76;75;2500,00;5000;0;0
669;1;35;1;2500;-423,74;0;-238,59;-345,18;75;2500,00;5000;4923;1
670;1;18;1;500;126,09;0;477,90;313,39;75;1000,00;1000;1015;1
671;1;30;1;2500;-425,76;0;-63,38;-72,71;75;2500,00;5000;0;0
672;1;21;1;1000;-236,81;0;227,62;115,05;75;1500,00;2000;0;0
673;1;62;1;5000;-689,80;0;-991,68;-834,30;75;5000;10000;0;1
674;1;25;1;2000;130,21;301,06;238,55;109,03;75;2000,00;4000;0;0
675;1;22;1;1000;215,62;132,71;293,60;137,59;75;1500,00;2000;0;0
676;1;36;1;2500;-753,88;0;-244,78;-425,09;75;2500,00;5000;0;0
677;1;33;1;2000;-72,71;0;-167,46;58,25;75;2000,00;4000;0;0
678;1;25;1;500;305,74;0;400,33;323,56;75;1000,00;1000;0;0
679;1;24;2;1000;-344,17;532,07;-87,63;-206,29;75;1500,00;2000;0;0
680;1;25;1;1500;214,93;0;211,45;186,45;75;2000,00;3000;3092;1
681;1;58;1;5000;-127,58;0;76,29;-20,25;75;5000;10000;9931;1
682;1;46;0;1000;470,64;0;-147,49;186,72;75;1500,00;2000;0;0
683;1;45;1;1000;54,72;0;-187,63;-50,43;75;1500,00;2000;0;0
684;1;32;1;500;-743,50;457,7;-525,97;-671,50;75;1000,00;1000;0;1
685;1;28;1;1500;-595,97;0;-741,50;-681,08;75;2000,00;3000;0;0
686;1;39;2;2500;-137,48;168,38;-106,75;-55,22;75;2500,00;5000;0;0
687;1;37;0;2500;420,11;0;-19,07;205,93;75;2500,00;5000;0;0
688;1;24;0;1000;-103,55;0;-250,89;-312,91;75;1500,00;2000;0;0
689;1;46;2;500;182,05;0;89,24;254,16;75;1000,00;1000;1002;1
690;1;55;1;500;228,12;0;42,37;277,35;75;1000,00;1000;0;0
691;1;27;0;1500;719,63;0;-202,20;193,06;75;2000,00;3000;3034;1
692;1;23;0;1000;-75,77;0;-85,12;-92,34;75;1500,00;2000;0;0
693;1;53;2;500;104,06;920,21;288,58;302,81;75;1000,00;1000;0;0
694;1;25;0;1000;309,82;0;-5,61;241,10;75;1500,00;2000;0;0
695;1;27;1;2000;207,61;0;140,47;197,63;75;2000,00;4000;4014;1
696;1;25;2;1000;-412,49;0;45,82;88,98;75;1500,00;2000;0;0
697;1;30;1;500;758,42;138,41;417,67;692,73;75;1000,00;1000;0;0
698;1;55;0;500;331,33;852,42;-69,27;108,05;75;1000,00;1000;972;1
699;1;39;0;2500;-472,79;0;-396,95;-393,45;75;2500,00;5000;5013;1
700;1;58;0;500;-313,51;0;-238,13;-564,90;75;1000,00;1000;1007;1
701;1;41;0;2500;-23,47;0;-28,70;-48,78;75;2500,00;5000;0;0
702;1;50;1;500;261,12;0;-180,82;45,11;75;1000,00;1000;0;0
703;1;42;1;500;-259,75;155,41;-150,87;-253,10;75;1000,00;1000;0;0
704;1;46;1;500;-343,05;0;99,46;-362,15;75;1000,00;1000;0;0
705;1;25;1;1500;-379,78;0;-332,67;-277,72;75;2000,00;3000;0;0
706;1;21;1;1500;-618,49;0;-675,78;-800,21;75;2000,00;3000;0;1
707;1;20;1;1000;405,99;0;505,80;483,50;75;1500,00;2000;0;0
708;1;60;1;500;419,95;0;30,56;7,74;75;1000,00;1000;0;0
709;1;28;1;1500;-108,54;0;215,05;-22,02;75;2000,00;3000;2919;1
710;1;49;1;5000;-354,68;0;-193,63;-228,75;75;5000;10000;0;0
711;1;28;1;2000;-332,35;0;-71,91;-176,17;75;2000,00;4000;0;0
712;1;37;1;500;-767,71;0;-745,96;-790,18;75;1000,00;1000;0;1
713;1;60;0;500;70,94;0;7,40;-103,18;75;1000,00;1000;0;0
714;1;33;2;1500;236,62;0;40,36;-47,34;75;2000,00;3000;0;1
715;1;26;1;1500;-346,98;0;-372,01;-485,53;75;2000,00;3000;0;0
716;1;26;1;1000;-347,58;0;-258,80;104,74;75;1500,00;2000;0;0
717;1;28;1;500;565,30;126,7;303,07;422,63;75;1000,00;1000;916;1
718;1;21;0;2000;408,79;0;40,83;101,57;75;2000,00;4000;0;0
719;1;23;1;500;231,37;0;-175,93;167,66;75;1000,00;1000;0;0
720;1;58;2;1000;-809,41;0;10,73;-167,80;75;1500,00;2000;2055;1
721;0;58;1;5000;-301,97;335,54;-504,01;-389,31;75;5000;10000;0;0
722;0;18;1;1000;-73,54;0;251,58;49,11;75;1500,00;2000;0;0
723;0;31;1;2500;-776,02;0;-672,62;-769,03;75;2500,00;5000;5009;1
724;0;26;2;1000;-480,26;0;-401,32;-299,04;75;1500,00;2000;0;0
725;0;25;1;2000;-111,78;0;103,01;-8,97;75;2000,00;4000;0;0
726;0;29;1;1000;178,57;0;245,70;149,17;75;1500,00;2000;1995;1
727;0;79;2;500;-594,02;0;-619,83;-325,24;75;1000,00;1000;0;0
728;0;34;0;2500;431,93;145,7;80,39;399,24;75;2500,00;5000;0;0
729;0;24;1;1500;-252,26;0;2,50;-143,68;75;2000,00;3000;0;0
730;0;19;2;500;-33,64;0;-110,58;-118,24;75;1000,00;1000;0;0
731;0;28;1;1500;-335,82;0;-287,85;-89,50;75;2000,00;3000;0;0
732;0;41;1;2000;-508,71;953,73;-356,79;-730,05;75;2000,00;4000;4132;1
733;0;21;2;1500;-131,31;0;-54,47;-141,93;75;2000,00;3000;2886;1
734;0;56;1;500;-191,29;204,17;261,91;449,13;75;1000,00;1000;0;0
735;0;23;1;1500;-660,72;0;-546,57;-469,94;75;2000,00;3000;0;0
736;0;48;1;500;-516,49;472,65;-415,11;-475,46;75;1000,00;1000;1047;1
737;0;26;1;2000;261,00;0;391,36;190,51;75;2000,00;4000;0;0
738;0;23;1;1500;-182,32;334,06;-462,20;-300,24;75;2000,00;3000;3067;1
739;0;22;1;1500;-281,11;0;-887,85;-595,92;75;2000,00;3000;0;1
740;0;81;1;500;-658,56;535,55;-94,76;-533,01;75;1000,00;1000;0;0
741;0;52;1;5000;95,82;0;3,26;-77,81;75;5000;10000;0;0
742;0;58;1;5000;-4,92;0;-96,18;291,95;75;5000;10000;0;0
743;0;32;2;2500;-345,22;242,56;-362,04;-265,04;75;2500,00;5000;0;0
744;0;41;2;500;-165,45;0;2,84;-37,58;75;1000,00;1000;0;0
745;0;25;1;1500;-343,86;0;-153,22;-387,14;75;2000,00;3000;2966;1
746;0;40;0;3000;-149,77;0;176,43;102,46;75;3000;6000;0;0
747;0;26;2;1000;539,84;0;-9,72;142,24;75;1500,00;2000;1934;1
748;0;31;1;2000;344,03;0;108,02;147,57;75;2000,00;4000;0;0
749;0;27;0;1500;-154,67;0;-2,36;-93,31;75;2000,00;3000;0;0
750;0;50;1;500;-424,34;232,31;22,42;-161,70;75;1000,00;1000;1021;1
751;0;22;1;1000;-75,03;461,22;127,95;106,41;75;1500,00;2000;0;0
752;0;27;1;1500;-1045,42;0;-786,15;-1026,88;75;2000,00;3000;0;1
753;0;38;0;2500;89,66;461,04;55,35;590,33;75;2500,00;5000;0;0
754;0;58;0;500;-306,24;0;-504,17;-189,68;75;1000,00;1000;0;0
755;0;32;1;2000;368,80;580,59;8,95;144,63;75;2000,00;4000;0;0
756;0;35;2;2500;550,73;0;294,43;317,71;75;2500,00;5000;4973;1
757;0;49;2;3000;-372,27;0;-234,49;-327,75;75;3000;6000;5932;1
758;0;23;1;1500;81,16;0;-342,45;26,80;75;2000,00;3000;0;0
759;0;21;1;1000;-566,21;0;-125,88;-384,16;75;1500,00;2000;0;0
760;0;19;0;500;419,55;0;375,63;567,77;75;1000,00;1000;956;1
761;0;27;0;1500;-108,53;0;-69,68;-23,17;75;2000,00;3000;2935;1
762;0;24;1;1500;267,28;0;-55,37;117,14;75;2000,00;3000;0;0
763;0;35;1;3000;148,22;0;-263,93;18,36;75;3000;6000;0;0
764;0;48;1;3000;-350,56;0;-258,30;-260,91;75;3000;6000;6053;1
765;0;22;1;1500;110,37;0;-141,96;-101,51;75;2000,00;3000;0;0
766;0;72;0;500;-1673,09;0;-576,82;-1134,03;75;1000,00;1000;915;1
767;0;25;0;1500;173,20;118,01;270,23;238,63;75;2000,00;3000;0;0
768;0;32;1;2000;229,62;0;-200,64;-34,31;75;2000,00;4000;0;0
769;0;39;1;3000;49,11;0;-700,30;-262,59;75;3000;6000;5961;1
770;1;41;0;500;-162,33;0;-105,24;-334,46;75;1000,00;1000;0;0
771;1;45;1;500;-97,61;0;-172,29;-126,04;75;1000,00;1000;0;0
772;1;41;1;1000;-592,59;0;-637,60;-633,07;75;1500,00;2000;0;0
773;1;24;1;2000;690,68;0;514,91;790,73;75;2000,00;4000;0;0
774;1;57;1;5000;-714,55;0;-435,17;-484,42;75;5000;10000;0;1
775;1;29;1;3000;-628,80;0;-506,06;-507,09;75;3000;6000;0;0
776;1;24;1;1000;-186,62;481,94;35,39;-157,21;75;1500,00;2000;0;0
777;1;38;0;500;-81,07;0;209,97;206,09;75;1000,00;1000;0;0
778;1;33;1;2000;-439,13;0;-158,77;-390,50;75;2000,00;4000;0;1
779;1;38;0;2500;342,12;624,09;-31,81;-63,22;75;2500,00;5000;0;0
780;1;36;1;2500;-754,40;368,96;-430,66;-550,80;75;2500,00;5000;4981;1
781;1;32;1;500;-108,19;0;186,58;153,78;75;1000,00;1000;0;0
782;1;27;1;1500;-266,20;0;-6,15;-142,91;75;2000,00;3000;0;0
783;1;23;1;1500;467,78;0;-69,70;262,90;75;2000,00;3000;0;0
784;1;33;1;2000;-156,45;0;124,43;10,10;75;2000,00;4000;3906;1
785;1;34;1;500;481,01;0;199,69;192,60;75;1000,00;1000;1000;1
786;1;51;2;500;-653,01;591,22;-319,75;-399,17;75;1000,00;1000;0;0
787;1;43;0;500;124,35;382,36;44,27;187,22;75;1000,00;1000;0;0
788;1;39;1;2500;-266,18;0;-396,84;-143,34;75;2500,00;5000;0;1
789;1;22;2;1000;384,64;348,81;568,87;497,51;75;1500,00;2000;0;0
790;1;22;2;1000;-281,02;0;37,02;-168,04;75;1500,00;2000;0;0
791;1;22;0;1000;-643,05;736,15;-110,74;-28,80;75;1500,00;2000;0;0
792;1;20;1;1000;-404,08;0;-247,13;-141,18;75;1500,00;2000;0;1
793;1;35;0;2000;-103,38;0;-166,17;-238,80;75;2000,00;4000;0;0
794;1;38;1;1000;25,81;0;-430,36;-294,01;75;1500,00;2000;1844;1
795;1;34;1;500;-236,07;0;-80,96;-40,28;75;1000,00;1000;0;1
796;1;31;0;1500;-267,98;0;75,06;-181,85;75;2000,00;3000;3028;1
797;1;20;1;1000;-456,31;634,93;-254,01;-131,89;75;1500,00;2000;0;0
798;1;39;0;500;-712,46;739,45;-343,77;-583,02;75;1000,00;1000;1012;1
799;1;18;0;1000;-252,07;243,9;-588,80;-324,27;75;1500,00;2000;0;0
800;1;46;2;5000;-11,94;0;70,67;145,53;75;5000;10000;0;0
801;1;34;1;1000;380,49;0;0,13;327,60;75;1500,00;2000;0;1
802;1;33;1;2500;-205,39;0;-163,40;-182,52;75;2500,00;5000;5047;1
803;1;49;1;1500;-903,50;631,36;-265,33;-577,34;75;2000,00;3000;0;1
804;1;32;0;1500;-498,09;0;-22,49;-300,62;74;2000,00;3000;2952;1
805;1;21;1;1500;-611,76;0;-512,56;-255,40;74;2000,00;3000;3026;1
806;1;87;1;500;-886,25;916,48;-541,83;-663,24;74;1000,00;1000;0;1
807;1;49;1;500;-412,25;576,62;-533,56;-729,55;74;1000,00;1000;0;0
808;1;32;1;2000;-303,09;0;-208,39;-147,90;74;2000,00;4000;0;1
809;1;36;0;500;-45,38;0;137,21;85,83;74;1000,00;1000;0;0
810;1;21;0;1000;-292,25;0;114,40;-99,24;74;1500,00;2000;0;0
811;1;30;0;2000;-626,45;0;-269,55;-775,82;74;2000,00;4000;0;0
812;1;24;2;1500;370,80;0;325,40;235,22;74;2000,00;3000;3047;1
813;1;30;2;500;-113,54;0;-443,73;-372,84;74;1000,00;1000;0;0
814;1;45;0;500;-117,77;0;-247,85;-317,64;74;1000,00;1000;0;0
815;1;22;1;1000;-442,83;312,48;-319,92;-349,13;74;1500,00;2000;0;0
816;1;42;2;500;-28,45;0;-52,23;-142,75;74;1000,00;1000;0;0
817;1;35;2;2500;-493,70;901,14;-625,36;-578,38;74;2500,00;5000;0;0
818;1;26;0;500;710,09;0;255,45;395,70;74;1000,00;1000;0;0
819;1;49;2;5000;575,48;0;262,11;527,43;74;5000;10000;0;0
820;1;33;1;2500;-58,05;124,6;193,29;-121,33;74;2500,00;5000;4983;1
821;1;21;2;1000;-189,78;0;-124,60;-80,94;74;1500,00;2000;0;0
822;1;37;2;1000;220,74;193,9;246,88;196,21;74;1500,00;2000;0;0
823;1;52;0;5000;447,55;0;46,04;256,62;74;5000;10000;0;0
824;1;24;2;1500;930,72;0;187,65;632,26;74;2000,00;3000;2925;0
825;1;37;1;3000;108,28;0;-46,66;-48,23;74;3000;6000;0;0
826;1;42;1;500;179,68;0;-12,32;73,38;74;1000,00;1000;893;1
827;1;38;1;3000;-409,29;0;-734,00;-522,73;74;3000;6000;0;1
828;1;32;1;500;74,28;0;-261,41;42,93;74;1000,00;1000;1060;1
829;1;47;1;500;363,58;481,31;204,21;444,13;74;1000,00;1000;0;0
830;1;44;1;500;-466,30;0;-69,62;-481,40;74;1000,00;1000;0;1
831;1;27;0;500;-937,46;0;-465,61;-696,94;74;1000,00;1000;0;1
832;1;46;1;500;-522,81;0;-387,51;-448,33;74;1000,00;1000;961;1
833;1;36;0;500;243,56;229,7;-266,74;113,09;74;1000,00;1000;0;0
834;1;18;2;1500;688,33;0;536,56;564,93;74;2000,00;3000;3019;1
835;1;25;0;2000;-224,84;0;-153,88;-135,41;74;2000,00;4000;0;0
836;1;39;2;500;-241,96;0;-293,42;-273,66;74;1000,00;1000;0;0
837;1;22;1;1500;-711,98;591,84;-727,78;-609,18;74;2000,00;3000;3035;1
838;1;57;1;500;-640,15;0;-670,56;-415,59;74;1000,00;1000;0;0
839;1;67;1;5000;378,65;428,7;266,68;468,07;74;5000;10000;0;0
840;1;76;1;500;-1250,10;0;-355,37;-827,73;74;1000,00;1000;0;1
841;1;31;1;1500;-180,07;0;386,36;-34,45;74;2000,00;3000;0;0
842;1;46;1;1000;-264,96;0;-198,73;-215,62;74;1500,00;2000;0;0
843;1;28;2;1500;-769,38;0;-797,92;-646,66;74;2000,00;3000;0;0
844;1;58;1;5000;262,55;0;557,90;241,76;74;5000;10000;0;0
845;1;29;1;2000;-443,41;0;-424,74;-283,29;74;2000,00;4000;0;0
846;1;31;1;2500;-196,37;0;-251,91;-461,11;74;2500,00;5000;0;0
847;1;33;0;1500;-13,16;0;-71,22;-19,40;74;2000,00;3000;0;0
848;1;31;1;2500;-301,11;0;-136,05;-136,39;74;2500,00;5000;0;0
849;1;43;0;500;-964,06;0;-555,60;-790,71;74;1000,00;1000;960;1
850;1;25;1;1500;-454,77;0;-553,18;-204,25;74;2000,00;3000;0;0
851;1;59;0;5000;252,30;0;318,68;462,34;74;5000;10000;0;1
852;1;24;1;500;425,21;0;-312,53;259,90;74;1000,00;1000;1049;1
853;1;36;1;2000;123,24;0;148,38;291,98;74;2000,00;4000;0;0
854;1;21;1;1000;-86,86;0;412,33;346,47;74;1500,00;2000;0;0
855;1;30;1;2000;-205,04;140,97;-333,75;-359,85;74;2000,00;4000;4124;1
856;1;24;1;1500;-301,80;417,89;-312,07;-421,54;74;2000,00;3000;0;0
857;0;18;1;500;-714,78;0;-697,87;-954,22;74;1000,00;1000;0;1
858;0;37;1;2500;-37,77;0;469,96;35,86;74;2500,00;5000;0;0
859;0;27;1;500;-186,29;0;-326,86;-326,75;74;1000,00;1000;0;0
860;0;24;0;1500;110,48;0;-213,39;95,41;74;2000,00;3000;0;0
861;0;29;2;1500;-884,00;0;-509,19;-431,47;74;2000,00;3000;2952;1
862;0;22;1;1500;270,56;0;122,59;59,62;74;2000,00;3000;0;0
863;0;32;1;2500;361,99;0;383,29;541,46;74;2500,00;5000;0;0
864;0;39;0;2500;485,70;0;-31,78;5,93;74;2500,00;5000;0;0
865;0;18;1;500;149,35;813,18;-220,15;-103,29;74;1000,00;1000;0;0
866;0;24;1;1500;-239,76;308,74;-600,87;-497,88;74;2000,00;3000;0;0
867;0;24;0;1000;710,86;0;347,21;313,16;74;1500,00;2000;0;0
868;0;40;1;500;357,53;247,61;107,45;315,69;74;1000,00;1000;0;0
869;0;28;0;1500;-137,00;0;-112,29;-48,06;74;2000,00;3000;0;0
870;0;30;0;1000;-381,91;0;261,30;-50,22;74;1500,00;2000;0;0
871;0;49;1;1000;531,30;241,22;289,55;414,84;74;1500,00;2000;2041;1
872;0;67;1;500;13,82;102,36;-238,67;156,06;74;1000,00;1000;0;0
873;0;40;1;500;-133,24;0;-467,73;-407,04;74;1000,00;1000;0;0
874;0;46;2;500;599,13;0;188,98;586,89;74;1000,00;1000;0;0
875;0;27;0;2000;153,46;0;107,96;204,03;74;2000,00;4000;0;0
876;0;41;0;500;60,34;528,29;-250,42;-141,39;74;1000,00;1000;0;0
877;0;58;0;500;668,62;0;846,19;799,66;74;1000,00;1000;0;0
878;0;46;1;500;-749,13;0;-864,73;-1275,96;74;1000,00;1000;0;1
879;0;41;2;2500;-392,98;258,07;-102,44;-331,91;74;2500,00;5000;0;0
880;0;55;1;5000;225,32;425,84;241,63;205,62;74;5000;10000;9965;1
881;0;51;1;500;-13,20;126,37;344,70;124,64;74;1000,00;1000;0;0
882;0;51;1;500;-58,17;155,36;192,75;-121,03;74;1000,00;1000;1050;1
883;0;38;1;500;118,87;0;-55,49;-65,16;74;1000,00;1000;0;0
884;0;36;1;2500;-285,33;1396,03;136,67;17,09;74;2500,00;5000;4927;1
885;0;30;1;500;547,80;0;67,27;550,74;74;1000,00;1000;0;0
886;0;46;0;1500;34,83;915,61;-108,22;-86,30;74;2000,00;3000;0;0
887;0;28;2;1500;-476,51;0;-363,12;-273,13;74;2000,00;3000;2972;1
888;0;25;1;500;586,16;0;264,87;363,03;74;1000,00;1000;1001;1
889;0;41;1;2500;-247,36;0;-205,37;-195,33;74;2500,00;5000;0;0
890;0;54;1;500;149,92;1179,31;-188,32;-57,38;74;1000,00;1000;0;0
891;0;50;0;500;180,51;0;-24,06;82,30;74;1000,00;1000;0;0
892;0;59;1;500;-207,58;642,81;-96,55;57,59;74;1000,00;1000;0;0
893;0;34;1;2500;-272,20;0;-692,74;-494,11;74;2500,00;5000;0;1
894;0;71;2;500;-91,02;0;-227,90;-19,20;74;1000,00;1000;0;0
895;0;37;1;2500;439,93;0;83,69;95,26;74;2500,00;5000;0;0
896;0;45;1;1000;-144,26;335,55;269,24;16,60;74;1500,00;2000;2058;1
897;0;24;0;2000;-726,51;0;-481,24;-1011,97;74;2000,00;4000;0;0
898;0;20;2;1000;-602,41;0;-295,17;-385,05;74;1500,00;2000;0;0
899;0;45;1;3000;-1022,01;0;-832,95;-1136,43;74;3000;6000;6014;1
900;0;53;2;500;420,31;631,13;198,96;135,35;74;1000,00;1000;0;0
901;0;39;1;2500;-228,21;379;-98,47;-147,00;74;2500,00;5000;0;0
902;0;23;1;2000;205,69;0;137,31;195,86;74;2000,00;4000;0;0
903;0;26;0;1500;-140,83;0;-268,96;65,43;74;2000,00;3000;0;0
904;0;56;0;1000;509,85;0;-35,85;303,73;74;1500,00;2000;0;0
905;0;31;1;1000;536,17;0;193,12;376,86;74;1500,00;2000;0;0
906;0;23;1;500;-257,23;0;-170,25;-123,79;74;1000,00;1000;0;0
907;1;24;0;1500;285,74;0;154,60;239,04;74;2000,00;3000;0;0
908;1;32;1;1500;459,06;0;96,19;86,62;74;2000,00;3000;0;0
909;1;48;0;500;-907,10;0;-577,17;-895,87;74;1000,00;1000;0;1
910;1;18;2;1500;187,21;0;-7,17;382,65;74;2000,00;3000;0;0
911;1;41;0;500;-418,56;0;-845,79;-608,46;74;1000,00;1000;0;0
912;1;24;2;1000;89,94;0;-183,53;51,30;74;1500,00;2000;0;0
913;1;27;1;1500;-570,36;0;-265,73;-366,90;74;2000,00;3000;0;0
914;1;31;1;2000;281,32;0;162,81;278,46;74;2000,00;4000;0;0
915;1;21;1;1500;-217,54;0;-11,95;86,48;74;2000,00;3000;0;0
916;1;31;0;1500;-727,30;537,93;-279,17;-592,63;74;2000,00;3000;3079;1
917;1;42;1;1000;-330,64;554,29;-147,16;-180,77;74;1500,00;2000;0;0
918;1;34;2;1500;23,92;0;-44,74;30,78;74;2000,00;3000;2990;1
919;1;43;1;3000;-917,75;524,45;-403,91;-323,29;74;3000;6000;0;1
920;1;23;1;1000;-290,53;0;-303,95;-429,45;74;1500,00;2000;0;0
921;1;20;0;500;49,77;0;-472,81;-96,28;74;1000,00;1000;0;0
922;1;33;0;1500;-416,19;0;-560,51;-189,40;74;2000,00;3000;2977;1
923;1;65;1;500;-129,40;0;-257,36;-118,10;74;1000,00;1000;0;0
924;1;19;0;1500;-285,67;0;-105,56;-234,00;74;2000,00;3000;0;0
925;1;26;2;1500;-1007,72;625,61;-570,44;-757,96;74;2000,00;3000;0;1
926;1;30;1;2000;-240,15;0;40,36;-219,53;74;2000,00;4000;4011;1
927;1;54;1;5000;-97,43;0;-300,35;-431,27;74;5000;10000;0;0
928;1;56;2;5000;-629,92;0;-6,68;-374,32;74;5000;10000;0;0
929;1;22;1;500;191,44;0;-57,23;42,28;74;1000,00;1000;969;1
930;1;53;1;500;-406,89;0;-212,21;-504,91;74;1000,00;1000;0;0
931;1;37;0;500;-1322,45;260,58;-683,48;-923,11;73;1000,00;1000;0;1
932;1;40;1;1000;-724,85;273,8;-579,30;-443,08;73;1500,00;2000;1962;1
933;1;64;1;500;-597,10;310,81;-862,20;-780,67;73;1000,00;1000;953;1
934;1;42;0;500;386,38;0;308,61;536,28;73;1000,00;1000;0;0
935;1;19;1;1000;-355,54;0;-208,20;-107,86;73;1500,00;2000;0;0
936;1;30;1;500;790,40;0;480,92;467,51;73;1000,00;1000;0;0
937;1;46;1;500;-526,63;280,67;-536,77;-448,75;73;1000,00;1000;0;0
938;1;26;1;1000;92,86;0;344,57;40,18;73;1500,00;2000;0;0
939;1;18;0;1000;204,26;774,61;222,84;244,76;73;1500,00;2000;0;0
940;1;36;0;2500;-77,90;832,71;-327,25;-289,44;73;2500,00;5000;0;0
941;1;25;0;500;322,81;0;114,23;270,43;73;1000,00;1000;0;0
942;1;43;1;3000;86,65;0;74,42;65,11;73;3000;6000;0;0
943;1;30;2;2000;41,32;0;-144,02;-124,86;73;2000,00;4000;0;0
944;1;52;2;500;257,30;0;352,09;85,04;73;1000,00;1000;994;1
945;1;51;1;5000;-8,04;504,67;-183,86;-74,10;73;5000;10000;9967;1
946;1;37;1;2500;345,27;0;508,32;127,27;73;2500,00;5000;0;0
947;1;36;1;500;-298,11;0;-458,72;-417,87;73;1000,00;1000;0;0
948;1;20;1;1000;474,71;0;293,70;375,30;73;1500,00;2000;0;0
949;1;37;2;500;-63,47;172,73;-257,20;28,15;73;1000,00;1000;0;0
950;1;32;1;500;374,82;0;6,27;191,33;73;1000,00;1000;924;1
951;1;21;1;1500;1,29;0;-121,50;83,36;73;2000,00;3000;0;0
952;1;37;1;500;-664,79;0;-139,94;-499,57;73;1000,00;1000;0;0
953;1;26;1;500;203,21;0;-126,42;194,04;73;1000,00;1000;0;0
954;1;50;1;500;93,24;0;175,34;88,25;73;1000,00;1000;0;1
955;1;23;2;1000;259,85;0;-90,57;438,86;73;1500,00;2000;0;0
956;1;55;1;500;43,13;0;307,68;172,93;73;1000,00;1000;0;0
957;1;23;0;2000;-412,66;538,53;-65,95;-301,71;73;2000,00;4000;0;0
958;1;53;1;500;-115,31;0;-47,71;95,00;73;1000,00;1000;0;0
959;1;21;1;1000;-139,13;132,91;-116,04;-118,46;73;1500,00;2000;0;0
960;1;38;1;2500;-262,34;0;-227,43;24,55;73;2500,00;5000;0;0
961;1;36;1;2000;-409,15;0;-37,63;-133,02;73;2000,00;4000;4006;1
962;1;19;1;1500;-290,55;0;197,88;9,33;73;2000,00;3000;0;0
963;1;54;1;500;300,70;0;144,16;296,29;73;1000,00;1000;1027;1
964;1;21;2;2000;168,80;0;198,80;148,81;73;2000,00;4000;0;0
965;1;58;1;500;612,57;497,76;419,82;635,60;73;1000,00;1000;0;0
966;1;27;0;2000;55,37;0;7,11;135,68;73;2000,00;4000;0;0
967;1;36;1;500;370,12;0;-53,28;-98,80;73;1000,00;1000;0;0
968;1;47;1;1500;205,58;0;365,84;401,03;73;2000,00;3000;0;1
969;1;22;1;1500;133,95;262,01;-119,22;-45,50;73;2000,00;3000;2999;1
970;1;24;1;1500;-654,60;0;-402,47;-636,26;73;2000,00;3000;0;0
971;1;39;1;500;-547,06;0;-367,87;-483,76;73;1000,00;1000;0;1
972;1;24;1;1500;-517,47;214,07;-296,35;-236,89;73;2000,00;3000;2971;1
973;1;23;0;1000;-190,56;874,28;-530,13;-159,65;73;1500,00;2000;0;0
974;1;33;0;500;615,16;0;325,46;486,80;73;1000,00;1000;0;0
975;1;52;2;5000;-461,75;824,18;-278,17;-180,53;73;5000;10000;0;0
976;1;21;2;1500;243,24;0;235,69;420,99;73;2000,00;3000;0;0
977;1;43;1;500;730,82;0;615,22;706,89;73;1000,00;1000;0;0
978;1;34;2;2500;-166,29;0;-220,99;-351,37;73;2500,00;5000;4918;1
979;1;54;1;500;118,13;0;11,03;254,19;73;1000,00;1000;0;0
980;0;40;2;500;-515,77;0;-272,59;-489,89;73;1000,00;1000;0;1
981;0;36;1;500;605,83;0;775,77;580,75;73;1000,00;1000;0;1
982;0;38;2;3000;-403,28;309,98;-423,67;-361,07;73;3000;6000;0;0
983;0;20;1;1000;766,13;239,06;253,55;591,85;73;1500,00;2000;0;0
984;0;35;1;1000;358,14;0;160,88;46,40;73;1500,00;2000;0;0
985;0;30;2;2000;433,24;0;179,35;389,60;73;2000,00;4000;0;0
986;0;29;1;2500;252,38;0;207,40;171,15;73;2500,00;5000;0;0
987;0;18;0;1000;129,38;0;83,89;181,02;73;1500,00;2000;1969;1
988;0;60;1;1500;-27,67;0;82,46;-204,73;73;2000,00;3000;0;0
989;0;38;1;2000;-468,55;136,41;-367,87;-580,26;73;2000,00;4000;0;0
990;0;37;1;1500;450,49;108,78;35,61;414,13;73;2000,00;3000;0;0
991;0;54;1;500;82,11;0;-212,41;-207,52;73;1000,00;1000;0;0
992;0;21;0;500;840,27;623,96;752,06;765,63;73;1000,00;1000;0;0
993;0;53;0;1000;-473,78;0;119,72;-394,77;73;1500,00;2000;1962;1
994;0;48;2;500;300,71;0;152,16;396,22;73;1000,00;1000;0;0
995;0;29;1;1000;-825,23;130,27;-765,90;-792,64;73;1500,00;2000;0;0
996;0;44;2;500;-445,12;0;-498,24;-407,31;73;1000,00;1000;0;1
997;0;76;0;500;-284,39;0;-393,00;-320,66;73;1000,00;1000;0;1
998;0;35;1;1000;-32,61;225,33;-276,12;-197,84;73;1500,00;2000;0;0
999;0;61;2;5000;-271,93;281,99;-270,40;-350,81;73;5000;10000;10004;1
